{"cameraMode":{"drawMode":0,"name":"Shaded","section":"Shading Mode"},"sceneLighting":false,"audioPlay":false,"sceneViewState":{"m_AlwaysRefresh":false,"showFog":true,"showSkybox":false,"showFlares":true,"showImageEffects":true,"showParticleSystems":true,"showVisualEffectGraphs":true,"m_FxEnabled":true},"in2DMode":false,"pivot":{"x":-1.706943154335022,"y":0.25333499908447268,"z":10.921948432922364},"rotation":{"x":-0.08424171060323715,"y":-0.06113139167428017,"z":0.005198396276682615,"w":-0.9945905208587647},"size":11.229866981506348,"orthographic":false}